sku,_store,_attribute_set,_type,_category,_root_category,_product_websites,color,cost,country_of_manufacture,created_at,custom_design,custom_design_from,custom_design_to,custom_layout_update,description,enable_googlecheckout,gallery,gift_message_available,has_options,image,image_label,manufacturer,media_gallery,meta_description,meta_keyword,meta_title,minimal_price,msrp,msrp_display_actual_price_type,msrp_enabled,name,news_from_date,news_to_date,options_container,package_color,package_size,page_layout,price,required_options,short_description,small_image,small_image_label,special_from_date,special_price,special_to_date,status,tax_class_id,thumbnail,thumbnail_label,updated_at,url_key,url_path,videoid,visibility,weight,qty,min_qty,use_config_min_qty,is_qty_decimal,backorders,use_config_backorders,min_sale_qty,use_config_min_sale_qty,max_sale_qty,use_config_max_sale_qty,is_in_stock,notify_stock_qty,use_config_notify_stock_qty,manage_stock,use_config_manage_stock,stock_status_changed_auto,use_config_qty_increments,qty_increments,use_config_enable_qty_inc,enable_qty_increments,is_decimal_divided,_links_related_sku,_links_related_position,_links_crosssell_sku,_links_crosssell_position,_links_upsell_sku,_links_upsell_position,_associated_sku,_associated_default_qty,_associated_position,_tier_price_website,_tier_price_customer_group,_tier_price_qty,_tier_price_price,_group_price_website,_group_price_customer_group,_group_price_price,_media_attribute_id,_media_image,_media_lable,_media_position,_media_is_disabled
4798837,,Default,simple,Beverages/Soft Drinks,Default Category,base,,,,2015-01-05 19:14,,,,,Pepsico Pepsi 1.5 L,1,,,0,/p/e/pepsi.jpg,Pepsi 1.5 L,Pepsisco,,Pepsico Pepsi 1.5 L,Pepsico Pepsi 1.5 L,Pepsico Pepsi 1.5 L,,,Use config,Use config,Pepsico Pepsi 1.5 L,,,Block after Info Column,,,,2.49,0,Pepsico Pepsi 1.5 L,/p/e/pepsi.jpg,Pepsi 1.5 L,,,,1,2,/p/e/pepsi.jpg,Pepsi 1.5 L,2015-08-26 22:25,pepsi-1-5-l,pepsi-1-5-l.html,,4,,0,0,1,0,0,1,1,1,0,1,0,,1,0,0,1,1,0,1,0,0,,,,,,,,,,,,,,,,,88,/p/e/pepsi.jpg,Pepsi 1.5 L,1,0
2862795,,Default,simple,Beverages/Soft Drinks,Default Category,base,,,,2015-01-05 19:14,,,,,Pepsico Mirinda 1.5 L,1,,,0,/3/3/335716_16_52_16.jpg,,Pepsisco,,Pepsico Mirinda 1.5 L,Pepsico Mirinda 1.5 L,Pepsico Mirinda 1.5 L,,,Use config,Use config,Pepsico Mirinda 1.5 L,,,Block after Info Column,,,,2.49,0,Pepsico Mirinda 1.5 L,/3/3/335716_16_52_16.jpg,,,,,1,2,/3/3/335716_16_52_16.jpg,,2015-08-26 22:25,mirinda-1-5-l,mirinda-1-5-l.html,,4,,0,0,1,0,0,1,1,1,0,1,0,,1,0,0,0,1,0,1,0,0,,,,,,,,,,,,,,,,,88,/3/3/335716_16_52_16.jpg,Mirinda 1.5 L,1,0
7121435,,Default,simple,Beverages/Soft Drinks,Default Category,base,,,,2015-01-05 19:14,,,,,Pepsico Pepsi Max 1.5 L,1,,,0,/p/e/pepsi-max.jpg,,Pepsisco,,Pepsico Pepsi Max 1.5 L,Pepsico Pepsi Max 1.5 L,Pepsico Pepsi Max 1.5 L,,,Use config,Use config,Pepsico Pepsi Max 1.5 L,,,Block after Info Column,,,,2.49,0,Pepsico Pepsi Max 1.5 L,/p/e/pepsi-max.jpg,,,,,1,2,/p/e/pepsi-max.jpg,,2015-08-26 22:25,pepsi-max-1-5-l,pepsi-max-1-5-l.html,,4,,0,0,1,0,0,1,1,1,0,1,0,,1,0,0,0,1,0,1,0,0,,,,,,,,,,,,,,,,,88,/p/e/pepsi-max.jpg,Pepsi Max 1.5 L,1,0
1897543,,Default,simple,Beverages/Soft Drinks,Default Category,base,,,,2015-01-05 19:14,,,,,Pepsico 7 UP 1.5 L,1,,,0,/7/u/7up-400x400.jpg,,Pepsisco,,Pepsico 7 UP 1.5 L,Pepsico 7 UP 1.5 L,Pepsico 7 UP 1.5 L,,,Use config,Use config,Pepsico 7 UP 1.5 L,,,Block after Info Column,,,,2.59,0,Pepsico 7 UP 1.5 L,/7/u/7up-400x400.jpg,,,,,1,2,/7/u/7up-400x400.jpg,,2015-08-26 22:25,7-up-1-5-l,7-up-1-5-l.html,,4,,0,0,1,0,0,1,1,1,0,1,0,,1,0,0,0,1,0,1,0,0,,,,,,,,,,,,,,,,,88,/7/u/7up-400x400.jpg,7 UP 1.5 L,1,0
4365346,,Default,simple,Beverages/Soft Drinks,Default Category,base,,,,2015-01-05 19:14,,,,,Pepsico 7 UP Diet 1.5 L,1,,,0,/d/5/d5.jpg,7 UP Diet 1.5 L,Pepsisco,,Pepsico 7 UP Diet 1.5 L,Pepsico 7 UP Diet 1.5 L,Pepsico 7 UP Diet 1.5 L,,,Use config,Use config,Pepsico 7 UP Diet 1.5 L,,,Block after Info Column,,,,2.59,0,Pepsico 7 UP Diet 1.5 L,/d/5/d5.jpg,7 UP Diet 1.5 L,,,,1,2,/d/5/d5.jpg,7 UP Diet 1.5 L,2015-08-26 22:25,7-up-1-5-l,7-up-1-5-l-1512.html,,4,,0,0,1,0,0,1,1,1,0,1,0,,1,0,0,1,1,0,1,0,0,,,,,,,,,,,,,,,,,88,/d/5/d5.jpg,7 UP Diet 1.5 L,1,0
134508,,Default,simple,Beverages/Soft Drinks,Default Category,base,,,,2015-01-05 19:14,,,,,Canada Dry Mott's Cplus Orange Burst 2 L,1,,,0,/c/p/cplus.jpg,Cplus Orange Burst 2L,Canada Dry,,Canada Dry Mott's Cplus Orange Burst 2 L,Canada Dry Mott's Cplus Orange Burst 2 L,Canada Dry Mott's Cplus Orange Burst 2 L,,,Use config,Use config,Canada Dry Mott's Cplus Orange Burst 2 L,,,Block after Info Column,,,,2.49,0,Canada Dry Mott's Cplus Orange Burst 2 L,/c/p/cplus.jpg,Cplus Orange Burst 2L,,,,1,2,/c/p/cplus.jpg,Cplus Orange Burst 2L,2017-11-26 15:07,cplus-orange-burst-2l,cplus-orange-burst-2l.html,,4,,0,0,1,0,0,1,1,1,0,1,0,,1,0,0,1,1,0,1,0,0,,,,,,,,,,,,,,,,,88,/c/p/cplus.jpg,Cplus Orange Burst 2L,1,0
1837964,,Default,simple,Beverages/Soft Drinks,Default Category,base,,,,2015-01-05 19:14,,,,,Canada Dry Ginger Ale 2 L,1,,,0,/0/0/0007800015246.jpg,Ginger Ale,Canada Dry,,Canada Dry Ginger Ale 2 L,Canada Dry Ginger Ale 2 L,Canada Dry Ginger Ale 2 L,,,Use config,Use config,Canada Dry Ginger Ale 2 L,,,Block after Info Column,,,,2.49,0,Canada Dry Ginger Ale 2 L,/0/0/0007800015246.jpg,Ginger Ale,,,,2,2,/0/0/0007800015246.jpg,Ginger Ale,2017-11-26 15:07,ginger-ale,ginger-ale.html,,4,,0,0,1,0,0,1,1,1,0,1,0,,1,0,0,1,1,0,1,0,0,,,,,,,,,,,,,,,,,88,/0/0/0007800015246.jpg,Ginger Ale,1,0
3943162,,Default,simple,Beverages/Soft Drinks,Default Category,base,,,,2015-01-05 19:14,,,,,Canada Dry Ginger Ales Diet 2 L,1,,,0,/0/0/0007800014846.jpg,Ginger Ale Diet,Canada Dry,,Canada Dry Ginger Ales Diet 2 L,Canada Dry Ginger Ales Diet 2 L,Canada Dry Ginger Ales Diet 2 L,,,Use config,Use config,Canada Dry Ginger Ales Diet 2 L,,,Block after Info Column,,,,2.49,0,Canada Dry Ginger Ales Diet 2 L,/0/0/0007800014846.jpg,Ginger Ale Diet,,,,1,2,/0/0/0007800014846.jpg,Ginger Ale Diet,2017-11-26 15:06,ginger-ale-diet,ginger-ale-diet.html,,4,,0,0,1,0,0,1,1,1,0,1,0,,1,0,0,1,1,0,1,0,0,,,,,,,,,,,,,,,,,88,/0/0/0007800014846.jpg,Ginger Ale Diet,1,0
3397366,,Default,simple,Beverages/Soft Drinks,Default Category,base,,,,2015-01-05 19:14,,,,,Coca-Cola 2L,1,,,0,/c/o/coca.jpg,,Coca-Cola,,Coca-Cola 2L,Coca-Cola 2L,Coca-Cola 2L,,,Use config,Use config,Coca-Cola 2L,,,Block after Info Column,,,,2.49,0,Coca-Cola 2L,/c/o/coca.jpg,,,,,1,2,/c/o/coca.jpg,,2015-08-26 22:25,coca-cola-2l,coca-cola-2l.html,,4,,0,0,1,0,0,1,1,1,0,1,0,,1,0,0,1,1,0,1,0,0,,,,,,,,,,,,,,,,,88,/c/o/coca.jpg,Coca-Cola 2L,1,0
8558393,,Default,simple,Beverages/Soft Drinks,Default Category,base,,,,2015-01-05 19:14,,,,,Coke Diet 2L,1,,,0,/c/o/cokediet.jpg,,Coca-Cola,,Coke Diet 2L,Coke Diet 2L,Coke Diet 2L,,,Use config,Use config,Coke Diet 2L,,,Block after Info Column,,,,2.49,0,Coke Diet 2L,/c/o/cokediet.jpg,,,,,1,2,/c/o/cokediet.jpg,,2015-08-26 22:25,coke-diet-2l,coke-diet-2l.html,,4,,0,0,1,0,0,1,1,1,0,1,0,,1,0,0,0,1,0,1,0,0,,,,,,,,,,,,,,,,,88,/c/o/cokediet.jpg,Coke Diet 2L,1,0
7588071,,Default,simple,Beverages/Soft Drinks,Default Category,base,,,,2015-01-05 19:14,,,,,Coke Diet Caffeine Free 2L,1,,,0,/c/o/cokecafe0.jpg,,Coca-Cola,,Coke Diet Cafeine Free 2L,Coke Diet Cafeine Free 2L,Coke Diet Cafeine Free 2L,,,Use config,Use config,Coke Diet Caffeine Free 2L,,,Block after Info Column,,,,2.49,0,Coke Diet Caffeine Free 2L,/c/o/cokecafe0.jpg,,,,,1,2,/c/o/cokecafe0.jpg,,2015-08-26 22:25,coke-diet-cafeine-free-2l,coke-diet-cafeine-free-2l.html,,4,,0,0,1,0,0,1,1,1,0,1,0,,1,0,0,0,1,0,1,0,0,,,,,,,,,,,,,,,,,88,/c/o/cokecafe0.jpg,Coke Diet Cafeine Free 2L,1,0
175484,,Default,simple,Beverages/Soft Drinks,Default Category,base,,,,2015-01-05 19:14,,,,,Coca-Cola Zero 2L,1,,,0,/c/o/cokezero.jpg,,Coca-Cola,,Coca-Cola Zero 2L,Coca-Cola Zero 2L,Coca-Cola Zero 2L,,,Use config,Use config,Coca-Cola Zero 2L,,,Block after Info Column,,,,2.49,0,Coca-Cola Zero 2L,/c/o/cokezero.jpg,,,,,1,2,/c/o/cokezero.jpg,,2015-08-26 22:25,coca-cola-zero-2l,coca-cola-zero-2l.html,,4,,0,0,1,0,0,1,1,1,0,1,0,,1,0,0,0,1,0,1,0,0,,,,,,,,,,,,,,,,,88,/c/o/cokezero.jpg,Coca-Cola Zero 2L,1,0
7801291,,Default,simple,Beverages/Soft Drinks,Default Category,base,,,,2015-01-05 19:14,,,,,Sprite 2L,1,,,0,/1/0/10284_p.jpg,,Coca-Cola,,Sprite 2L,Sprite 2L,Sprite 2L,,,Use config,Use config,Sprite 2L,,,Block after Info Column,,,,2.49,0,Sprite 2L,/1/0/10284_p.jpg,,,,,1,2,/1/0/10284_p.jpg,,2015-08-26 22:25,sprite-2l,sprite-2l.html,,4,,0,0,1,0,0,1,1,1,0,1,0,,1,0,0,0,1,0,1,0,0,,,,,,,,,,,,,,,,,88,/1/0/10284_p.jpg,Sprite 2L,1,0
7170296,,Default,simple,Beverages/Soft Drinks,Default Category,base,,,,2015-01-05 19:14,,,,,Sprite Zero 2L,1,,,0,/2/2/220.jpg,Sprite Zero 2L,Coca-Cola,,Sprite Zero 2L,Sprite Zero 2L,Sprite Zero 2L,,,Use config,Use config,Sprite Zero 2L,,,Block after Info Column,,,,2.49,0,Sprite Zero 2L,/2/2/220.jpg,Sprite Zero 2L,,,,1,2,/2/2/220.jpg,Sprite Zero 2L,2017-11-26 15:10,sprite-zero-2l,sprite-zero-2l.html,,4,,0,0,1,0,0,1,1,1,0,1,0,,1,0,0,1,1,0,1,0,0,,,,,,,,,,,,,,,,,88,/2/2/220.jpg,Sprite Zero 2L,1,0
1727193,,Default,simple,Beverages/Soft Drinks,Default Category,base,,,,2015-01-05 19:14,,,,,Nestea Cool Iced Tea Natural Lemon Flavor 2L,1,,,0,/2/4/246780.jpg,Nestea Cool Iced Tea Natural Lemon Flavor 2L,Coca-Cola,,Nestea Cool Iced Tea Natural Lemon Flavor 2L,Nestea Cool Iced Tea Natural Lemon Flavor 2L,Nestea Cool Iced Tea Natural Lemon Flavor 2L,,,Use config,Use config,Nestea Cool Iced Tea Natural Lemon Flavor 2L,,,Block after Info Column,,,,2.49,0,Nestea Cool Iced Tea Natural Lemon Flavor 2L,/2/4/246780.jpg,Nestea Cool Iced Tea Natural Lemon Flavor 2L,,,,1,2,/2/4/246780.jpg,Nestea Cool Iced Tea Natural Lemon Flavor 2L,2017-11-26 15:11,nestea-cool-iced-tea-natural-lemon-flavor-2l,nestea-cool-iced-tea-natural-lemon-flavor-2l.html,,4,,0,0,1,0,0,1,1,1,0,1,0,,1,0,0,1,1,0,1,0,0,,,,,,,,,,,,,,,,,88,/2/4/246780.jpg,Nestea Cool Iced Tea Natural Lemon Flavor 2L,1,0
3677792,,Default,simple,Beverages/Soft Drinks,Default Category,base,,,,2015-01-05 19:14,,,,,Fresca Sugar Free 2L,1,,,0,/1/5/155381_1.jpg,Fresca Sugar Free 2L,Coca-Cola,,Fresca Sugar Free 2L,Fresca Sugar Free 2L,Fresca Sugar Free 2L,,,Use config,Use config,Fresca Sugar Free 2L,,,Block after Info Column,,,,2.49,0,Fresca Sugar Free 2L,/1/5/155381_1.jpg,Fresca Sugar Free 2L,,,,1,2,/1/5/155381_1.jpg,Fresca Sugar Free 2L,2016-12-05 15:44,fresca-sugar-free-2l,fresca-sugar-free-2l.html,,4,,0,0,1,0,0,1,1,1,0,1,0,,1,0,0,1,1,0,1,0,0,,,,,,,,,,,,,,,,,88,/1/5/155381_1.jpg,Fresca Sugar Free 2L,1,0
2789802,,Default,simple,Beverages/Soft Drinks,Default Category,base,,,,2015-01-05 19:14,,,,,A&W Root Beer 2L,1,,,0,/a/m/american-a-w.jpg,A&W Root Beer 2L,Coca-Cola,,A&W Root Beer 2L,A&W Root Beer 2L,A&W Root Beer 2L,,,Use config,Use config,A&W Root Beer 2L,,,Block after Info Column,,,,2.49,0,A&W Root Beer 2L,/a/m/american-a-w.jpg,A&W Root Beer 2L,,,,1,2,/a/m/american-a-w.jpg,A&W Root Beer 2L,2017-11-26 15:11,a-w-root-beer-2l,a-w-root-beer-2l.html,,4,,0,0,1,0,0,1,1,1,0,1,0,,1,0,0,1,1,0,1,0,0,,,,,,,,,,,,,,,,,88,/a/m/american-a-w.jpg,A&W Root Beer 2L,1,0
2088444,,Default,simple,Beverages/Soft Drinks,Default Category,base,,,,2015-01-05 19:14,,,,,A&W Diet Root Beer 2L,1,,,0,/1/2/12989425.jpg,A&W Diet Root Beer 2L,Coca-Cola,,A&W Diet Root Beer 2L,A&W Diet Root Beer 2L,A&W Diet Root Beer 2L,,,Use config,Use config,A&W Diet Root Beer 2L,,,Block after Info Column,,,,2.49,0,A&W Diet Root Beer 2L,/1/2/12989425.jpg,A&W Diet Root Beer 2L,,,,1,2,/1/2/12989425.jpg,A&W Diet Root Beer 2L,2017-11-26 15:12,a-w-diet-root-beer-2l,a-w-diet-root-beer-2l.html,,4,,0,0,1,0,0,1,1,1,0,1,0,,1,0,0,1,1,0,1,0,0,,,,,,,,,,,,,,,,,88,/1/2/12989425.jpg,A&W Diet Root Beer 2L,1,0
1372301,,Default,simple,Beverages/Soft Drinks,Default Category,base,,,,2015-01-05 19:14,,,,,Fanta Orange 2L,1,,,0,/f/a/fanta_2.jpg,Fanta Orange 2L,Coca-Cola,,Fanta Orange 2L,Fanta Orange 2L,Fanta Orange 2L,,,Use config,Use config,Fanta Orange 2L,,,Block after Info Column,,,,2.49,0,Fanta Orange 2L,/f/a/fanta_2.jpg,Fanta Orange 2L,,,,1,2,/f/a/fanta_2.jpg,Fanta Orange 2L,2016-12-05 15:44,fanta-orange-2l,fanta-orange-2l.html,,4,,0,0,1,0,0,1,1,1,0,1,0,,1,0,0,1,1,0,1,0,0,,,,,,,,,,,,,,,,,88,/f/a/fanta_2.jpg,Fanta Orange 2L,1,0
2494921,,Default,simple,Beverages/Soft Drinks,Default Category,base,,,,2015-01-05 19:14,,,,,Canada Dry Club Soda 2 L,1,,,0,/c/a/canada-dry-club-soda-108829.jpg,,Canada Dry,,Canada Dry Club Soda 2 L,Canada Dry Club Soda 2 L,Canada Dry Club Soda 2 L,,,Use config,Use config,Canada Dry Club Soda 2 L,,,Block after Info Column,,,,2.29,0,Canada Dry Club Soda 2 L,/c/a/canada-dry-club-soda-108829.jpg,,,,,1,2,/c/a/canada-dry-club-soda-108829.jpg,,2015-08-26 22:25,club-soda-2-l,club-soda-2-l.html,,4,,0,0,1,0,0,1,1,1,0,1,0,,1,0,0,0,1,0,1,0,0,,,,,,,,,,,,,,,,,88,/c/a/canada-dry-club-soda-108829.jpg,Club Soda 2 L,1,0
6007578,,Default,simple,Beverages/Soft Drinks,Default Category,base,,,,2015-01-05 19:14,,,,,Barq's Root Beer 2L,1,,,0,/4/1/41g0y3tp.jpg,Bargs Root Beer 2L,Coca-Cola,,Bargs Root Beer 2L,Bargs Root Beer 2L,Bargs Root Beer 2L,,,Use config,Use config,Barq's Root Beer 2L,,,Block after Info Column,,,,2.49,0,Barq's Root Beer 2L,/4/1/41g0y3tp.jpg,Bargs Root Beer 2L,,,,1,2,/4/1/41g0y3tp.jpg,Bargs Root Beer 2L,2017-11-26 15:09,bargs-root-beer-2l,bargs-root-beer-2l.html,,4,,0,0,1,0,0,1,1,1,0,1,0,,1,0,0,1,1,0,1,0,0,,,,,,,,,,,,,,,,,88,/4/1/41g0y3tp.jpg,Bargs Root Beer 2L,1,0
7544680,,Default,simple,Beverages/Soft Drinks,Default Category,base,,,,2015-01-05 19:14,,,,,Waist WatcherDiet Ginger Ale 2L,1,,,0,/w/_/w_dietgingerale.png,,Waist Watchers,,Waist Watchers Diet Ginger Ale 2L,Waist Watchers Diet Ginger Ale 2L,Waist Watchers Diet Ginger Ale 2L,,,Use config,Use config,Waist WatcherDiet Ginger Ale 2L,,,Block after Info Column,,,,2.79,0,Waist WatcherDiet Ginger Ale 2L,/w/_/w_dietgingerale.png,,,,,1,2,/w/_/w_dietgingerale.png,,2015-08-26 22:25,waist-watchers-diet-ginger-ale-2l,waist-watchers-diet-ginger-ale-2l.html,,4,,0,0,1,0,0,1,1,1,0,1,0,,1,0,0,0,1,0,1,0,0,,,,,,,,,,,,,,,,,88,/w/_/w_dietgingerale.png,Waist Watchers Diet Ginger Ale 2L,1,0
5895281,,Default,simple,Beverages/Soft Drinks,Default Category,base,,,,2015-01-05 19:14,,,,,Waist WatcherDiet Raspberry Ginger Ale 2L,1,,,0,/w/_/w_dietraspberrygingerale.png,,Waist Watchers,,Waist Watchers Diet Raspberry Ginger Ale 2L,Waist Watchers Diet Raspberry Ginger Ale 2L,Waist Watchers Diet Raspberry Ginger Ale 2L,,,Use config,Use config,Waist WatcherDiet Raspberry Ginger Ale 2L,,,Block after Info Column,,,,2.79,0,Waist WatcherDiet Raspberry Ginger Ale 2L,/w/_/w_dietraspberrygingerale.png,,,,,1,2,/w/_/w_dietraspberrygingerale.png,,2015-08-26 22:25,waist-watchers-diet-raspberry-ginger-ale-2l,waist-watchers-diet-raspberry-ginger-ale-2l.html,,4,,0,0,1,0,0,1,1,1,0,1,0,,1,0,0,0,1,0,1,0,0,,,,,,,,,,,,,,,,,88,/w/_/w_dietraspberrygingerale.png,Waist Watchers Diet Raspberry Ginger Ale 2L,1,0
9266301,,Default,simple,Beverages/Soft Drinks,Default Category,base,,,,2015-01-05 19:14,,,,,Waist WatcherDiet Orange 2L,1,,,0,/4/5/458390.jpg,,Waist Watchers,,Waist Watchers Diet Orange 2L,Waist Watchers Diet Orange 2L,Waist Watchers Diet Orange 2L,,,Use config,Use config,Waist WatcherDiet Orange 2L,,,Block after Info Column,,,,2.79,0,Waist WatcherDiet Orange 2L,/4/5/458390.jpg,,,,,1,2,/4/5/458390.jpg,,2015-08-26 22:25,waist-watchers-diet-orange-2l,waist-watchers-diet-orange-2l.html,,4,,0,0,1,0,0,1,1,1,0,1,0,,1,0,0,0,1,0,1,0,0,,,,,,,,,,,,,,,,,88,/4/5/458390.jpg,Waist Watchers Diet Orange 2L,1,0
1025457,,Default,simple,Beverages/Soft Drinks,Default Category,base,,,,2015-01-05 19:14,,,,,Waist WatcherDiet Black Cherry 2L,1,,,0,/4/1/4144xjkjez.jpg,,Waist Watchers,,Waist Watchers Diet Black Cherry 2L,Waist Watchers Diet Black Cherry 2L,Waist Watchers Diet Black Cherry 2L,,,Use config,Use config,Waist WatcherDiet Black Cherry 2L,,,Block after Info Column,,,,2.79,0,Waist WatcherDiet Black Cherry 2L,/4/1/4144xjkjez.jpg,,,,,1,2,/4/1/4144xjkjez.jpg,,2015-08-26 22:25,waist-watchers-diet-black-cherry-2l,waist-watchers-diet-black-cherry-2l.html,,4,,0,0,1,0,0,1,1,1,0,1,0,,1,0,0,0,1,0,1,0,0,,,,,,,,,,,,,,,,,88,/4/1/4144xjkjez.jpg,Waist Watchers Diet Black Cherry 2L,1,0
6322615,,Default,simple,Beverages/Soft Drinks,Default Category,base,,,,2015-01-05 19:14,,,,,Cott Black Cherry 2L,1,,,0,/_/d/_dsc1249.jpg,Cott Black Cherry 2L,Cott,,Cott Black Cherry 2L,Cott Black Cherry 2L,Cott Black Cherry 2L,,,Use config,Use config,Cott Black Cherry 2L,,,Block after Info Column,,,,1.69,0,Cott Black Cherry 2L,/_/d/_dsc1249.jpg,Cott Black Cherry 2L,,,,1,2,/_/d/_dsc1249.jpg,Cott Black Cherry 2L,2015-08-26 22:25,cott-black-cherry-2l,cott-black-cherry-2l.html,,4,,0,0,1,0,0,1,1,1,0,1,0,,1,0,0,1,1,0,1,0,0,,,,,,,,,,,,,,,,,88,/_/d/_dsc1249.jpg,Cott Black Cherry 2L,1,0
1419553,,Default,simple,Beverages/Soft Drinks,Default Category,base,,,,2015-01-05 19:14,,,,,Cott Cola 2L,1,,,0,/2/l/2lcola_1160_365x365.jpg,,Cott,,Cott Cola 2L,Cott Cola 2L,Cott Cola 2L,,,Use config,Use config,Cott Cola 2L,,,Block after Info Column,,,,1.69,0,Cott Cola 2L,/2/l/2lcola_1160_365x365.jpg,,,,,1,2,/2/l/2lcola_1160_365x365.jpg,,2015-08-26 22:25,cott-cola-2l,cott-cola-2l.html,,4,,0,0,1,0,0,1,1,1,0,1,0,,1,0,0,0,1,0,1,0,0,,,,,,,,,,,,,,,,,88,/2/l/2lcola_1160_365x365.jpg,Cott Cola 2L,1,0
3337031,,Default,simple,Beverages/Soft Drinks,Default Category,base,,,,2015-01-05 19:14,,,,,Cott Diet Cola 2L,1,,,0,/2/l/2ldtcola_1162_365x365.jpg,,Cott,,Cott Diet Cola 2L,Cott Diet Cola 2L,Cott Diet Cola 2L,,,Use config,Use config,Cott Diet Cola 2L,,,Block after Info Column,,,,1.69,0,Cott Diet Cola 2L,/2/l/2ldtcola_1162_365x365.jpg,,,,,1,2,/2/l/2ldtcola_1162_365x365.jpg,,2015-08-26 22:25,cott-diet-cola-2l,cott-diet-cola-2l.html,,4,,0,0,1,0,0,1,1,1,0,1,0,,1,0,0,0,1,0,1,0,0,,,,,,,,,,,,,,,,,88,/2/l/2ldtcola_1162_365x365.jpg,Cott Diet Cola 2L,1,0
7689818,,Default,simple,Beverages/Soft Drinks,Default Category,base,,,,2015-01-05 19:14,,,,,Cott Cream Soda 2L,1,,,0,/c/o/cott_csds5.jpg,,Cott,,Cott Cream Soda 2L,Cott Cream Soda 2L,Cott Cream Soda 2L,,,Use config,Use config,Cott Cream Soda 2L,,,Block after Info Column,,,,1.69,0,Cott Cream Soda 2L,/c/o/cott_csds5.jpg,,,,,1,2,/c/o/cott_csds5.jpg,,2015-08-26 22:25,cott-cream-soda-2l,cott-cream-soda-2l.html,,4,,0,0,1,0,0,1,1,1,0,1,0,,1,0,0,0,1,0,1,0,0,,,,,,,,,,,,,,,,,88,/c/o/cott_csds5.jpg,Cott Cream Soda 2L,1,0
5030674,,Default,simple,Beverages/Soft Drinks,Default Category,base,,,,2015-01-05 19:14,,,,,Cott Orange 2L,1,,,0,/3/9/391-thickbox_default.jpg,,Cott,,Cott Orange 2L,Cott Orange 2L,Cott Orange 2L,,,Use config,Use config,Cott Orange 2L,,,Block after Info Column,,,,1.69,0,Cott Orange 2L,/3/9/391-thickbox_default.jpg,,,,,1,2,/3/9/391-thickbox_default.jpg,,2015-08-26 22:25,cott-orange-2l,cott-orange-2l.html,,4,,0,0,1,0,0,1,1,1,0,1,0,,1,0,0,0,1,0,1,0,0,,,,,,,,,,,,,,,,,88,/3/9/391-thickbox_default.jpg,Cott Orange 2L,1,0
9263628,,Default,simple,Beverages/Soft Drinks,Default Category,base,,,,2015-01-05 19:14,,,,,Cott Diet Ginger Ale 2L,1,,,0,/_/d/_dsc1254.jpg,Cott Diet Ginger Ale 2L,Cott,,Cott Diet Ginger Ale 2L,Cott Diet Ginger Ale 2L,Cott Diet Ginger Ale 2L,,,Use config,Use config,Cott Diet Ginger Ale 2L,,,Block after Info Column,,,,1.69,0,Cott Diet Ginger Ale 2L,/_/d/_dsc1254.jpg,Cott Diet Ginger Ale 2L,,,,1,2,/_/d/_dsc1254.jpg,Cott Diet Ginger Ale 2L,2015-08-26 22:25,cott-diet-ginger-ale-2l,cott-diet-ginger-ale-2l.html,,4,,0,0,1,0,0,1,1,1,0,1,0,,1,0,0,1,1,0,1,0,0,,,,,,,,,,,,,,,,,88,/_/d/_dsc1254.jpg,Cott Diet Ginger Ale 2L,1,0
5533300,,Default,simple,Beverages/Soft Drinks,Default Category,base,,,,2015-01-05 19:14,,,,,Cott Citron Limeup 2L,1,,,0,/_/d/_dsc1253.jpg,Cott Citron Limeup 2L,Cott,,Cott Citron Limeup 2L,Cott Citron Limeup 2L,Cott Citron Limeup 2L,,,Use config,Use config,Cott Citron Limeup 2L,,,Block after Info Column,,,,1.69,0,Cott Citron Limeup 2L,/_/d/_dsc1253.jpg,Cott Citron Limeup 2L,,,,1,2,/_/d/_dsc1253.jpg,Cott Citron Limeup 2L,2015-08-26 22:25,cott-citron-limeup-2l,cott-citron-limeup-2l.html,,4,,0,0,1,0,0,1,1,1,0,1,0,,1,0,0,1,1,0,1,0,0,,,,,,,,,,,,,,,,,88,/_/d/_dsc1253.jpg,Cott Citron Limeup 2L,1,0
6142583,,Default,simple,Beverages/Soft Drinks,Default Category,base,,,,2015-01-05 19:14,,,,,Cott Club Soda 2L,1,,,0,/_/d/_dsc1250.jpg,Cott Club Soda 2L,Cott,,Cott Club Soda 2L,Cott Club Soda 2L,Cott Club Soda 2L,,,Use config,Use config,Cott Club Soda 2L,,,Block after Info Column,,,,1.69,0,Cott Club Soda 2L,/_/d/_dsc1250.jpg,Cott Club Soda 2L,,,,1,2,/_/d/_dsc1250.jpg,Cott Club Soda 2L,2015-08-26 22:25,cott-club-soda-2l,cott-club-soda-2l.html,,4,,0,0,1,0,0,1,1,1,0,1,0,,1,0,0,1,1,0,1,0,0,,,,,,,,,,,,,,,,,88,/_/d/_dsc1250.jpg,Cott Club Soda 2L,1,0
7097967,,Default,simple,Beverages/Soft Drinks,Default Category,base,,,,2015-01-19 21:36,,,,,Dr Brown's Cream Soda 355ml,1,,,0,/_/d/_dsc1527.jpg,,Dr Brown's,,Dr Brown's Cream Soda 355ml,Dr Brown's Cream Soda 355ml,Dr Brown's Cream Soda 355ml,,,Use config,Use config,Dr Brown's Cream Soda 355ml,,,Block after Info Column,,,,0.99,0,Dr Brown's Cream Soda 355ml,/_/d/_dsc1527.jpg,,,,,1,2,/_/d/_dsc1527.jpg,,2015-08-26 22:25,cream-soda,cream-soda.html,,4,,0,0,1,0,0,1,1,1,0,1,0,,1,0,0,0,1,0,1,0,0,,,,,,,,,,,,,,,,,88,/_/d/_dsc1527.jpg,Cream Soda,1,0
9777700,,Default,simple,Beverages/Soft Drinks,Default Category,base,,,,2015-01-19 21:36,,,,,Dr Brown's Cream Soda 6 Pack 355ml,1,,,0,/_/d/_dsc1527.jpg,,Dr Brown's,,Dr Brown's Cream Soda 6 Pack 355ml,Dr Brown's Cream Soda 6 Pack 355ml,Dr Brown's Cream Soda 6 Pack 355ml,,,Use config,Use config,Dr Brown's Cream Soda 6 Pack 355ml,,,Block after Info Column,,,,5.94,0,Dr Brown's Cream Soda 6 Pack 355ml,/_/d/_dsc1527.jpg,,,,,1,2,/_/d/_dsc1527.jpg,,2015-08-26 22:25,cream-soda-6-pack,cream-soda-6-pack.html,,4,,0,0,1,0,0,1,1,1,0,1,0,,1,0,0,0,1,0,1,0,0,,,,,,,,,,,,,,,,,88,/_/d/_dsc1527.jpg, Cream Soda 6 Pack,1,0
3689193,,Default,simple,Beverages/Soft Drinks,Default Category,base,,,,2015-01-19 21:36,,,,,Dr Brown's Black Cherry 355ml,1,,,0,/_/d/_dsc1528.jpg,,Dr Brown's,,Dr Brown's Black Cherry 355ml,Dr Brown's Black Cherry 355ml,Dr Brown's Black Cherry 355ml,,,Use config,Use config,Dr Brown's Black Cherry 355ml,,,Block after Info Column,,,,0.99,0,Dr Brown's Black Cherry 355ml,/_/d/_dsc1528.jpg,,,,,1,2,/_/d/_dsc1528.jpg,,2015-08-26 22:25,black-cherry,black-cherry.html,,4,,0,0,1,0,0,1,1,1,0,1,0,,1,0,0,0,1,0,1,0,0,,,,,,,,,,,,,,,,,88,/_/d/_dsc1528.jpg,Black Cherry,1,0
7987574,,Default,simple,Beverages/Soft Drinks,Default Category,base,,,,2015-01-19 21:36,,,,,Dr Brown's Black Cherry 6 Pack 355ml,1,,,0,/_/d/_dsc1528.jpg,,Dr Brown's,,Dr Brown's Black Cherry 6 Pack 355ml,Dr Brown's Black Cherry 6 Pack 355ml,Dr Brown's Black Cherry 6 Pack 355ml,,,Use config,Use config,Dr Brown's Black Cherry 6 Pack 355ml,,,Block after Info Column,,,,5.94,0,Dr Brown's Black Cherry 6 Pack 355ml,/_/d/_dsc1528.jpg,,,,,1,2,/_/d/_dsc1528.jpg,,2015-08-26 22:25,black-cherry-6-pack,black-cherry-6-pack.html,,4,,0,0,1,0,0,1,1,1,0,1,0,,1,0,0,0,1,0,1,0,0,,,,,,,,,,,,,,,,,88,/_/d/_dsc1528.jpg,Black Cherry 6 Pack,1,0
7760235,,Default,simple,Beverages/Soft Drinks,Default Category,base,,,,2015-01-19 21:36,,,,,Dr Brown's Diet Black Cherry 355ml,1,,,0,/_/d/_dsc1529.jpg,,Dr Brown's,,Dr Brown's Diet Black Cherry 355ml,Dr Brown's Diet Black Cherry 355ml,Dr Brown's Diet Black Cherry 355ml,,,Use config,Use config,Dr Brown's Diet Black Cherry 355ml,,,Block after Info Column,,,,0.99,0,Dr Brown's Diet Black Cherry 355ml,/_/d/_dsc1529.jpg,,,,,1,2,/_/d/_dsc1529.jpg,,2015-08-26 22:25,diet-black-cherry,diet-black-cherry.html,,4,,0,0,1,0,0,1,1,1,0,1,0,,1,0,0,0,1,0,1,0,0,,,,,,,,,,,,,,,,,88,/_/d/_dsc1529.jpg,Diet Black Cherry,1,0
9887993,,Default,simple,Beverages/Soft Drinks,Default Category,base,,,,2015-01-19 21:36,,,,,Dr Brown's Diet Black Cherry 6 Pack 355ml,1,,,0,/_/d/_dsc1529.jpg,,Dr Brown's,,Dr Brown's Diet Black Cherry 6 Pack 355ml,Dr Brown's Diet Black Cherry 6 Pack 355ml,Dr Brown's Diet Black Cherry 6 Pack 355ml,,,Use config,Use config,Dr Brown's Diet Black Cherry 6 Pack 355ml,,,Block after Info Column,,,,5.94,0,Dr Brown's Diet Black Cherry 6 Pack 355ml,/_/d/_dsc1529.jpg,,,,,1,2,/_/d/_dsc1529.jpg,,2015-08-26 22:25,diet-black-cherry-6-pack,diet-black-cherry-6-pack.html,,4,,0,0,1,0,0,1,1,1,0,1,0,,1,0,0,0,1,0,1,0,0,,,,,,,,,,,,,,,,,88,/_/d/_dsc1529.jpg,Diet Black Cherry 6 Pack,1,0